{
  "min_": [
    -1.0289855072463767,
    -1.0004595280968116
  ],
  "scale_": [
    5.797101449275362e-05,
    2.2976404840577066e-07
  ],
  "data_min_": [
    500.0,
    2000.0
  ],
  "data_max_": [
    35000.0,
    8706582.0
  ],
  "data_range_": [
    34500.0,
    8704582.0
  ],
  "feature_range": [
    -1,
    1
  ],
  "n_features_in_": 2
}